{
    "x_bias": -0.029118408203125,
    "y_bias": -0.06372705078125,
    "z_bias": -0.97757275390625,
    "x_g_bias": -0.2657545731707317,
    "y_g_bias": -1.5317378048780488,
    "z_g_bias": 0.14501524390243903
}