{
    "x_bias": -0.29873912524414065,
    "y_bias": -0.6242976872558593,
    "z_bias": -9.600778974853515,
    "x_g_bias": -0.28475609756097564,
    "y_g_bias": -1.5343445121951222,
    "z_g_bias": 0.13614329268292683,
    "deadzone_x_a": 0.18903321599121095,
    "deadzone_y_a": 0.27062157219238275,
    "deadzone_z_a": 0.21088140847167988,
    "deadzone_x_g": 1.9253353658536587,
    "deadzone_y_g": 0.5507881097560975,
    "deadzone_z_g": 0.40128201219512194
}