{
    "x_bias": -0.33170068359374993,
    "y_bias": -0.6275614420572917,
    "z_bias": -9.622512044270833,
    "x_g_bias": -0.24551921655580194,
    "y_g_bias": -1.5322431633407245,
    "z_g_bias": 0.11617701404286772
}